Company,ReqID,JobTitle,Location(s),PostingDate,URL,ExtractionDate
Barclays,90278335,VP-Strategic Risk Management,US-Delaware-Wilmington,,https://barclays.taleo.net/careersection/jobdetail.ftl?job=90278335&lang=en_GB,2021-03-03T14:56:25
Barclays,90277805,VP - Senior Modeling Engineer,"US-New York-745 Seventh Avenue, New York, NY",,https://barclays.taleo.net/careersection/jobdetail.ftl?job=90277805&lang=en_GB,2021-03-03T14:56:25
Barclays,90274740,VP Securitized Products ,"US-New York-745 Seventh Avenue, New York, NY",,https://barclays.taleo.net/careersection/jobdetail.ftl?job=90274740&lang=en_GB,2021-03-03T14:56:25
Barclays,274589,VP Ã¢â‚¬â€œ Fraud Strategy Ã¢â‚¬â€œ Capability Enablement,US-Delaware-Wilmington,,https://barclays.taleo.net/careersection/jobdetail.ftl?job=00274589&lang=en_GB,2021-03-03T14:56:25
Barclays,90276296,VP Fraud Operational Rigour,US-New Jersey-Whippany,,https://barclays.taleo.net/careersection/jobdetail.ftl?job=90276296&lang=en_GB,2021-03-03T14:56:25
Barclays,90273919,VP Digital Manager,US-New York-US - Rise New York,,https://barclays.taleo.net/careersection/jobdetail.ftl?job=90273919&lang=en_GB,2021-03-03T14:56:25
Barclays,90271106,VP Deal Analytics,US-Delaware-Wilmington,,https://barclays.taleo.net/careersection/jobdetail.ftl?job=90271106&lang=en_GB,2021-03-03T14:56:25
Barclays,90279111,Virtual Desktop Engineer,US-New Jersey-Whippany,,https://barclays.taleo.net/careersection/jobdetail.ftl?job=90279111&lang=en_GB,2021-03-03T14:56:25
Barclays,274754,"Vice President, Management Analyst - Liquidity Stress Test Reporting and Analytics","US-New York-745 Seventh Avenue, New York, NY",,https://barclays.taleo.net/careersection/jobdetail.ftl?job=00274754&lang=en_GB,2021-03-03T14:56:25
Barclays,90275209,UX design Lead,"US-New York-745 Seventh Avenue, New York, NY",,https://barclays.taleo.net/careersection/jobdetail.ftl?job=90275209&lang=en_GB,2021-03-03T14:56:25
Barclays,90273016,US Settlements Oversight,US-New Jersey-Whippany,,https://barclays.taleo.net/careersection/jobdetail.ftl?job=90273016&lang=en_GB,2021-03-03T14:56:25
Barclays,90277102,US Settlement Oversight,US-New Jersey-Whippany,,https://barclays.taleo.net/careersection/jobdetail.ftl?job=90277102&lang=en_GB,2021-03-03T14:56:25
Barclays,90281026,US Risk Governance,"US-New York-745 Seventh Avenue, New York, NY",,https://barclays.taleo.net/careersection/jobdetail.ftl?job=90281026&lang=en_GB,2021-03-03T14:56:25
Barclays,90272426,US Model Risk/CCAR Audit AVP,"US-New York-745 Seventh Avenue, New York, NY",,https://barclays.taleo.net/careersection/jobdetail.ftl?job=90272426&lang=en_GB,2021-03-03T14:56:25
Barclays,90271661,US Model Risk/CCAR Audit Analyst,"US-New York-745 Seventh Avenue, New York, NY",,https://barclays.taleo.net/careersection/jobdetail.ftl?job=90271661&lang=en_GB,2021-03-03T14:56:25
Barclays,90273034,US Asset Servicing Oversight,US-New Jersey-Whippany,,https://barclays.taleo.net/careersection/jobdetail.ftl?job=90273034&lang=en_GB,2021-03-03T14:56:25
Barclays,90270965,Treasury Ops - Analytics,US-Delaware-Wilmington,,https://barclays.taleo.net/careersection/jobdetail.ftl?job=90270965&lang=en_GB,2021-03-03T14:56:25
Barclays,90277782,Travel Affinity Segment Lead ,US-Delaware-Wilmington,,https://barclays.taleo.net/careersection/jobdetail.ftl?job=90277782&lang=en_GB,2021-03-03T14:56:25
Barclays,90276106,Trade Floor Production Support Analyst,US-New Jersey-Whippany,,https://barclays.taleo.net/careersection/jobdetail.ftl?job=90276106&lang=en_GB,2021-03-03T14:56:25
Barclays,90277628,Trade Floor Application Support,US-New Jersey-Whippany,,https://barclays.taleo.net/careersection/jobdetail.ftl?job=90277628&lang=en_GB,2021-03-03T14:56:25
Barclays,90274894,Trade Capture (TCU) Analyst,"US-New York-745 Seventh Avenue, New York, NY",,https://barclays.taleo.net/careersection/jobdetail.ftl?job=90274894&lang=en_GB,2021-03-03T14:56:25
Barclays,90278510,Trade Capture (TCU) Analyst ,"US-New York-745 Seventh Avenue, New York, NY",,https://barclays.taleo.net/careersection/jobdetail.ftl?job=90278510&lang=en_GB,2021-03-03T14:56:25
Barclays,90271914,Technical Project Manager - VP,US-New Jersey-Whippany,,https://barclays.taleo.net/careersection/jobdetail.ftl?job=90271914&lang=en_GB,2021-03-03T14:56:25
Barclays,90278697,TECHNICAL PROJECT LEAD & ARCHITECT,US-New Jersey-Whippany,,https://barclays.taleo.net/careersection/jobdetail.ftl?job=90278697&lang=en_GB,2021-03-03T14:56:25
Barclays,90271297,Technical Product Owner,US-New Jersey-Whippany,,https://barclays.taleo.net/careersection/jobdetail.ftl?job=90271297&lang=en_GB,2021-03-03T14:56:25
Barclays,90275142,Technical Architect - Securities Settlements,US-New Jersey-Whippany,,https://barclays.taleo.net/careersection/jobdetail.ftl?job=90275142&lang=en_GB,2021-03-03T14:56:25
Barclays,90278493,Tech Lead - SDET,US-New Jersey-Whippany,,https://barclays.taleo.net/careersection/jobdetail.ftl?job=90278493&lang=en_GB,2021-03-03T14:56:25
Barclays,90272356,Tech Lead,US-New Jersey-Whippany,,https://barclays.taleo.net/careersection/jobdetail.ftl?job=90272356&lang=en_GB,2021-03-03T14:56:25
Barclays,90273923,Talent and Succession Planning ,US-New Jersey-Whippany,,https://barclays.taleo.net/careersection/jobdetail.ftl?job=90273923&lang=en_GB,2021-03-03T14:56:25
Barclays,90279389,Syndicate Middle Office Analyst,US-New Jersey-Whippany,,https://barclays.taleo.net/careersection/jobdetail.ftl?job=90279389&lang=en_GB,2021-03-03T14:56:25
Barclays,90270419,Supervisory Analyst,"US-New York-745 Seventh Avenue, New York, NY",,https://barclays.taleo.net/careersection/jobdetail.ftl?job=90270419&lang=en_GB,2021-03-03T14:56:25
Barclays,90277826,Structured Credit Quant - NYK,"US-New York-745 Seventh Avenue, New York, NY",,https://barclays.taleo.net/careersection/jobdetail.ftl?job=90277826&lang=en_GB,2021-03-03T14:56:25
Barclays,90279051,Stress Testing DB Developer,US-New Jersey-Whippany,,https://barclays.taleo.net/careersection/jobdetail.ftl?job=90279051&lang=en_GB,2021-03-03T14:56:25
Barclays,90272158,Sr Business Analyst - Equity Derivatives,US-New Jersey-Whippany,,https://barclays.taleo.net/careersection/jobdetail.ftl?job=90272158&lang=en_GB,2021-03-03T14:56:25
Barclays,90275939,Sr. Software Technical Lead,US-New Jersey-Whippany,,https://barclays.taleo.net/careersection/jobdetail.ftl?job=90275939&lang=en_GB,2021-03-03T14:56:25
Barclays,90274399,Software Engineer,US-New Jersey-Whippany,,https://barclays.taleo.net/careersection/jobdetail.ftl?job=90274399&lang=en_GB,2021-03-03T14:56:25
Barclays,90278486,Software Engineer,US-New Jersey-Whippany,,https://barclays.taleo.net/careersection/jobdetail.ftl?job=90278486&lang=en_GB,2021-03-03T14:56:25
Barclays,90277904,Software Developer,"US-New York-745 Seventh Avenue, New York, NY",,https://barclays.taleo.net/careersection/jobdetail.ftl?job=90277904&lang=en_GB,2021-03-03T14:56:25
Barclays,90277924,Software Developer,"US-New York-745 Seventh Avenue, New York, NY",,https://barclays.taleo.net/careersection/jobdetail.ftl?job=90277924&lang=en_GB,2021-03-03T14:56:25
Barclays,90270208,SMAD Equities Quant,"US-New York-745 Seventh Avenue, New York, NY",,https://barclays.taleo.net/careersection/jobdetail.ftl?job=90270208&lang=en_GB,2021-03-03T14:56:25
Barclays,90275994,SM&D Equities Trading Analytics Quant,"US-New York-745 Seventh Avenue, New York, NY",,https://barclays.taleo.net/careersection/jobdetail.ftl?job=90275994&lang=en_GB,2021-03-03T14:56:25
Barclays,90275510,SM&D Equities Quant Execution Consulting,"US-New York-745 Seventh Avenue, New York, NY",,https://barclays.taleo.net/careersection/jobdetail.ftl?job=90275510&lang=en_GB,2021-03-03T14:56:25
Barclays,90274041,SM&D Algo Reliability Engineering,"US-New York-745 Seventh Avenue, New York, NY",,https://barclays.taleo.net/careersection/jobdetail.ftl?job=90274041&lang=en_GB,2021-03-03T14:56:25
Barclays,274779,Service Level Manager ,US-New Jersey-Whippany,,https://barclays.taleo.net/careersection/jobdetail.ftl?job=00274779&lang=en_GB,2021-03-03T14:56:25
Barclays,90278698,Senior UX Designer,US-New Jersey-Whippany,,https://barclays.taleo.net/careersection/jobdetail.ftl?job=90278698&lang=en_GB,2021-03-03T14:56:25
Barclays,90274589,Senior Technology Lead,"US-New York-745 Seventh Avenue, New York, NY",,https://barclays.taleo.net/careersection/jobdetail.ftl?job=90274589&lang=en_GB,2021-03-03T14:56:25
Barclays,90280120,Senior Solution Architect,US-New Jersey-Whippany,,https://barclays.taleo.net/careersection/jobdetail.ftl?job=90280120&lang=en_GB,2021-03-03T14:56:25
Barclays,274899,Senior Software Engineer,US-New Jersey-Whippany,,https://barclays.taleo.net/careersection/jobdetail.ftl?job=00274899&lang=en_GB,2021-03-03T14:56:25
Barclays,90278545,Senior Security Developer,US-New Jersey-Whippany,,https://barclays.taleo.net/careersection/jobdetail.ftl?job=90278545&lang=en_GB,2021-03-03T14:56:25
Barclays,90275484,Senior Salesforce Developer,"US-New York-745 Seventh Avenue, New York, NY",,https://barclays.taleo.net/careersection/jobdetail.ftl?job=90275484&lang=en_GB,2021-03-03T14:56:25
Barclays,90278680,Senior Reporting Architect Developer,US-New Jersey-Whippany,,https://barclays.taleo.net/careersection/jobdetail.ftl?job=90278680&lang=en_GB,2021-03-03T14:56:25
Barclays,90275592,Senior Project Manager Ã¢â‚¬â€œ Core Valuation and Analytics IT,US-New Jersey-Whippany,,https://barclays.taleo.net/careersection/jobdetail.ftl?job=90275592&lang=en_GB,2021-03-03T14:56:25
Barclays,90276317,Senior Product Manager,US-Delaware-Wilmington,,https://barclays.taleo.net/careersection/jobdetail.ftl?job=90276317&lang=en_GB,2021-03-03T14:56:25
Barclays,274872,Senior Personal Loans Analyst,US-Delaware-Wilmington,,https://barclays.taleo.net/careersection/jobdetail.ftl?job=00274872&lang=en_GB,2021-03-03T14:56:25
Barclays,90275578,Senior Margin Analytics Developer,US-New Jersey-Whippany,,https://barclays.taleo.net/careersection/jobdetail.ftl?job=90275578&lang=en_GB,2021-03-03T14:56:25
Barclays,90274775,Senior Java Developer Portal,"US-New York-745 Seventh Avenue, New York, NY",,https://barclays.taleo.net/careersection/jobdetail.ftl?job=90274775&lang=en_GB,2021-03-03T14:56:25
Barclays,90263548,Senior Java Developer CRB,"US-New York-745 Seventh Avenue, New York, NY",,https://barclays.taleo.net/careersection/jobdetail.ftl?job=90263548&lang=en_GB,2021-03-03T14:56:25
Barclays,90276094,Senior Java Developer,"US-New York-745 Seventh Avenue, New York, NY",,https://barclays.taleo.net/careersection/jobdetail.ftl?job=90276094&lang=en_GB,2021-03-03T14:56:25
Barclays,90270658,Senior Java Developer  ,US-New Jersey-Whippany,,https://barclays.taleo.net/careersection/jobdetail.ftl?job=90270658&lang=en_GB,2021-03-03T14:56:25
Barclays,90278832,Senior Java Developer,"US-New York-745 Seventh Avenue, New York, NY",,https://barclays.taleo.net/careersection/jobdetail.ftl?job=90278832&lang=en_GB,2021-03-03T14:56:25
Barclays,90266817,Senior Java Data Services and Applications Developer: AVP,US-New Jersey-Whippany,,https://barclays.taleo.net/careersection/jobdetail.ftl?job=90266817&lang=en_GB,2021-03-03T14:56:25
Barclays,90275664,Senior ICE Server developer,US-New Jersey-Whippany,,https://barclays.taleo.net/careersection/jobdetail.ftl?job=90275664&lang=en_GB,2021-03-03T14:56:25
Barclays,90276204,Senior GUI Developer,"US-New York-745 Seventh Avenue, New York, NY",,https://barclays.taleo.net/careersection/jobdetail.ftl?job=90276204&lang=en_GB,2021-03-03T14:56:25
Barclays,90276205,Senior GCAM Development Lead,US-New Jersey-Whippany,,https://barclays.taleo.net/careersection/jobdetail.ftl?job=90276205&lang=en_GB,2021-03-03T14:56:25
Barclays,90275200,Senior Developer,"US-New York-745 Seventh Avenue, New York, NY",,https://barclays.taleo.net/careersection/jobdetail.ftl?job=90275200&lang=en_GB,2021-03-03T14:56:25
Barclays,90275040,Senior Developer,"US-New York-745 Seventh Avenue, New York, NY",,https://barclays.taleo.net/careersection/jobdetail.ftl?job=90275040&lang=en_GB,2021-03-03T14:56:25
Barclays,90278671,Senior Data Scientist,"US-New York-745 Seventh Avenue, New York, NY",,https://barclays.taleo.net/careersection/jobdetail.ftl?job=90278671&lang=en_GB,2021-03-03T14:56:25
Barclays,90272408,Senior Credit Trading Platform Java Developer - VP,US-New Jersey-Whippany,,https://barclays.taleo.net/careersection/jobdetail.ftl?job=90272408&lang=en_GB,2021-03-03T14:56:25
Barclays,90276104,Senior Business Analyst,"US-New York-745 Seventh Avenue, New York, NY",,https://barclays.taleo.net/careersection/jobdetail.ftl?job=90276104&lang=en_GB,2021-03-03T14:56:25
Barclays,90275001,Senior Business Analyst,US-New Jersey-Whippany,,https://barclays.taleo.net/careersection/jobdetail.ftl?job=90275001&lang=en_GB,2021-03-03T14:56:25
Barclays,90278755,Senior BAPM,"US-New York-745 Seventh Avenue, New York, NY",,https://barclays.taleo.net/careersection/jobdetail.ftl?job=90278755&lang=en_GB,2021-03-03T14:56:25
Barclays,90276316,Senior Apply Product Manager,US-Delaware-Wilmington,,https://barclays.taleo.net/careersection/jobdetail.ftl?job=90276316&lang=en_GB,2021-03-03T14:56:25
Barclays,90279122,Senior Application developer,"US-New Jersey-Working from Home - New Jersey, USA",,https://barclays.taleo.net/careersection/jobdetail.ftl?job=90279122&lang=en_GB,2021-03-03T14:56:25
Barclays,90264607,Senior Angular Developer,US-New Jersey-Whippany,,https://barclays.taleo.net/careersection/jobdetail.ftl?job=90264607&lang=en_GB,2021-03-03T14:56:25
Barclays,90277829,Senior Analytics Engineer- VP,"US-New York-745 Seventh Avenue, New York, NY",,https://barclays.taleo.net/careersection/jobdetail.ftl?job=90277829&lang=en_GB,2021-03-03T14:56:25
Barclays,90275141,Senior .Net Developer,US-New Jersey-Whippany,,https://barclays.taleo.net/careersection/jobdetail.ftl?job=90275141&lang=en_GB,2021-03-03T14:56:25
Barclays,274780,Securitized Products Analyst,US-New Jersey-Whippany,,https://barclays.taleo.net/careersection/jobdetail.ftl?job=00274780&lang=en_GB,2021-03-03T14:56:25
Barclays,90275728,Scenario Design and Expansion Ã¢â‚¬â€œ CECL and Stress Testing AVP,US-New Jersey-Whippany,,https://barclays.taleo.net/careersection/jobdetail.ftl?job=90275728&lang=en_GB,2021-03-03T14:56:25
Barclays,274689,SAS Control & Governance Testing Analyst,US-Nevada-Henderson,,https://barclays.taleo.net/careersection/jobdetail.ftl?job=00274689&lang=en_GB,2021-03-03T14:56:25
Barclays,90278919,SAP Technical Lead,US-New Jersey-Whippany,,https://barclays.taleo.net/careersection/jobdetail.ftl?job=90278919&lang=en_GB,2021-03-03T14:56:25
Barclays,90275686,Salesforce Developer,"US-New York-745 Seventh Avenue, New York, NY",,https://barclays.taleo.net/careersection/jobdetail.ftl?job=90275686&lang=en_GB,2021-03-03T14:56:25
Barclays,273349,Salesforce Developer,US-New Jersey-Whippany,,https://barclays.taleo.net/careersection/jobdetail.ftl?job=00273349&lang=en_GB,2021-03-03T14:56:25
Barclays,90275388,Risk & Control Manager,US-New Jersey-Whippany,,https://barclays.taleo.net/careersection/jobdetail.ftl?job=90275388&lang=en_GB,2021-03-03T14:56:25
Barclays,90278833,RFT Pricing and Risk Developer,US-New Jersey-Whippany,,https://barclays.taleo.net/careersection/jobdetail.ftl?job=90278833&lang=en_GB,2021-03-03T14:56:25
Barclays,90278579,RFT Credit Application Developer,US-New Jersey-Whippany,,https://barclays.taleo.net/careersection/jobdetail.ftl?job=90278579&lang=en_GB,2021-03-03T14:56:25
Barclays,90273003,Rewards - Technical PO,US-New Jersey-Whippany,,https://barclays.taleo.net/careersection/jobdetail.ftl?job=90273003&lang=en_GB,2021-03-03T14:56:25
Barclays,90270981,Retail POS Credit Strategy Lead,US-Delaware-Wilmington,,https://barclays.taleo.net/careersection/jobdetail.ftl?job=90270981&lang=en_GB,2021-03-03T14:56:25
Barclays,90276535,"Research Analyst, Healthcare Providers","US-New York-745 Seventh Avenue, New York, NY",,https://barclays.taleo.net/careersection/jobdetail.ftl?job=90276535&lang=en_GB,2021-03-03T14:56:25
Barclays,90280691,Research Analyst,"US-New York-745 Seventh Avenue, New York, NY",,https://barclays.taleo.net/careersection/jobdetail.ftl?job=90280691&lang=en_GB,2021-03-03T14:56:25
Barclays,90275450,Research Analyst,"US-New York-745 Seventh Avenue, New York, NY",,https://barclays.taleo.net/careersection/jobdetail.ftl?job=90275450&lang=en_GB,2021-03-03T14:56:25
Barclays,90275203,Regulatory Reporting Analyst ,US-New Jersey-Whippany,,https://barclays.taleo.net/careersection/jobdetail.ftl?job=90275203&lang=en_GB,2021-03-03T14:56:25
Barclays,90275451,Recovery Strategy Lead,"US-Delaware-Wilmington, US-FL-Working from Home - Florida, USA, US-Nevada-Henderson",,https://barclays.taleo.net/careersection/jobdetail.ftl?job=90275451&lang=en_GB,2021-03-03T14:56:25
Barclays,90276351,Recovery Operations Manager,US-Nevada-Henderson,,https://barclays.taleo.net/careersection/jobdetail.ftl?job=90276351&lang=en_GB,2021-03-03T14:56:25
Barclays,90277843,Quantitative Desk Strategist Prime Services VP,"US-New York-745 Seventh Avenue, New York, NY",,https://barclays.taleo.net/careersection/jobdetail.ftl?job=90277843&lang=en_GB,2021-03-03T14:56:25
Barclays,90278248,Quantitative Analyst- Volatility Framework VP,"US-New York-745 Seventh Avenue, New York, NY",,https://barclays.taleo.net/careersection/jobdetail.ftl?job=90278248&lang=en_GB,2021-03-03T14:56:25
Barclays,90277781,Quantitative Analyst - Macro Rates and Municipals,"US-New York-745 Seventh Avenue, New York, NY",,https://barclays.taleo.net/careersection/jobdetail.ftl?job=90277781&lang=en_GB,2021-03-03T14:56:25
Barclays,90274522,Quant Developer Java QD (SMM Credit),"US-New York-745 Seventh Avenue, New York, NY",,https://barclays.taleo.net/careersection/jobdetail.ftl?job=90274522&lang=en_GB,2021-03-03T14:56:25
Barclays,90279562,Quant Developer,"US-New York-745 Seventh Avenue, New York, NY",,https://barclays.taleo.net/careersection/jobdetail.ftl?job=90279562&lang=en_GB,2021-03-03T14:56:25
Barclays,90275052,Python Desk Developer,"US-New York-745 Seventh Avenue, New York, NY",,https://barclays.taleo.net/careersection/jobdetail.ftl?job=90275052&lang=en_GB,2021-03-03T14:56:25
Barclays,90273673,Python/Perl Developer- Mortgage Data,US-New Jersey-Whippany,,https://barclays.taleo.net/careersection/jobdetail.ftl?job=90273673&lang=en_GB,2021-03-03T14:56:25
Barclays,90279013,Project Manager Ã¢â‚¬â€œ Securitized Products,US-New Jersey-Whippany,,https://barclays.taleo.net/careersection/jobdetail.ftl?job=90279013&lang=en_GB,2021-03-03T14:56:25
Barclays,90277859,Project Manager/BA - Equities,"US-New York-745 Seventh Avenue, New York, NY",,https://barclays.taleo.net/careersection/jobdetail.ftl?job=90277859&lang=en_GB,2021-03-03T14:56:25
Barclays,90279017,Project Manager,US-New Jersey-Whippany,,https://barclays.taleo.net/careersection/jobdetail.ftl?job=90279017&lang=en_GB,2021-03-03T14:56:25
Barclays,90271688,Project Manager,US-New Jersey-Whippany,,https://barclays.taleo.net/careersection/jobdetail.ftl?job=90271688&lang=en_GB,2021-03-03T14:56:25
Barclays,90279669,Program Manager - Partnership Transformation,US-New Jersey-Whippany,,https://barclays.taleo.net/careersection/jobdetail.ftl?job=90279669&lang=en_GB,2021-03-03T14:56:25
Barclays,90277159,Product Manager,US-Delaware-Wilmington,,https://barclays.taleo.net/careersection/jobdetail.ftl?job=90277159&lang=en_GB,2021-03-03T14:56:25
Barclays,90276318,Product Manager,US-Delaware-Wilmington,,https://barclays.taleo.net/careersection/jobdetail.ftl?job=90276318&lang=en_GB,2021-03-03T14:56:25
Barclays,274771,Production Support Analyst - Collections Operations,US-Nevada-Henderson,,https://barclays.taleo.net/careersection/jobdetail.ftl?job=00274771&lang=en_GB,2021-03-03T14:56:25
Barclays,90277635,Product Controller- Securitised Products,US-New Jersey-Whippany,,https://barclays.taleo.net/careersection/jobdetail.ftl?job=90277635&lang=en_GB,2021-03-03T14:56:25
Barclays,90277521,Product Controller- Securitised Products,"US-New York-745 Seventh Avenue, New York, NY",,https://barclays.taleo.net/careersection/jobdetail.ftl?job=90277521&lang=en_GB,2021-03-03T14:56:25
Barclays,90278999,Process Transformation Manager,US-New Jersey-Whippany,,https://barclays.taleo.net/careersection/jobdetail.ftl?job=90278999&lang=en_GB,2021-03-03T14:56:25
Barclays,90279270,Principal Onboarding Manager,US-New Jersey-Whippany,,https://barclays.taleo.net/careersection/jobdetail.ftl?job=90279270&lang=en_GB,2021-03-03T14:56:25
Barclays,90274461,Prime Solutions Data Scientist,"US-New York-745 Seventh Avenue, New York, NY",,https://barclays.taleo.net/careersection/jobdetail.ftl?job=90274461&lang=en_GB,2021-03-03T14:56:25
Barclays,90275931,Prime Solutions,"US-New York-745 Seventh Avenue, New York, NY",,https://barclays.taleo.net/careersection/jobdetail.ftl?job=90275931&lang=en_GB,2021-03-03T14:56:25
Barclays,90275874,Prime Services Attorney,"US-New York-745 Seventh Avenue, New York, NY",,https://barclays.taleo.net/careersection/jobdetail.ftl?job=90275874&lang=en_GB,2021-03-03T14:56:25
Barclays,90275112,Prime Service Change Manager AVP,US-New Jersey-Whippany,,https://barclays.taleo.net/careersection/jobdetail.ftl?job=90275112&lang=en_GB,2021-03-03T14:56:25
Barclays,90274501,Prime Client Service - PDS,"US-New York-745 Seventh Avenue, New York, NY",,https://barclays.taleo.net/careersection/jobdetail.ftl?job=90274501&lang=en_GB,2021-03-03T14:56:25
Barclays,90274489,Prime Client Service,"US-New York-745 Seventh Avenue, New York, NY",,https://barclays.taleo.net/careersection/jobdetail.ftl?job=90274489&lang=en_GB,2021-03-03T14:56:25
Barclays,90277100,Prime Brokerage Payments Analyst,"US-New York-745 Seventh Avenue, New York, NY",,https://barclays.taleo.net/careersection/jobdetail.ftl?job=90277100&lang=en_GB,2021-03-03T14:56:25
Barclays,90279598,Prime Brokerage Client Service Analyst,US-New Jersey-Whippany,,https://barclays.taleo.net/careersection/jobdetail.ftl?job=90279598&lang=en_GB,2021-03-03T14:56:25
Barclays,90278839,Pricing developer,"US-New Jersey-Working from Home - New Jersey, USA",,https://barclays.taleo.net/careersection/jobdetail.ftl?job=90278839&lang=en_GB,2021-03-03T14:56:25
Barclays,90278547,Pricing developer,"US-New Jersey-Working from Home - New Jersey, USA",,https://barclays.taleo.net/careersection/jobdetail.ftl?job=90278547&lang=en_GB,2021-03-03T14:56:25
Barclays,90277601,Portfolio Governance and Controls Lead,US-New Jersey-Whippany,,https://barclays.taleo.net/careersection/jobdetail.ftl?job=90277601&lang=en_GB,2021-03-03T14:56:25
Barclays,90274875,Performance Monitoring Manager,US-Delaware-Wilmington,,https://barclays.taleo.net/careersection/jobdetail.ftl?job=90274875&lang=en_GB,2021-03-03T14:56:25
Barclays,90278524,People Advisory Partner ,US-New Jersey-Whippany,,https://barclays.taleo.net/careersection/jobdetail.ftl?job=90278524&lang=en_GB,2021-03-03T14:56:25
Barclays,90277698,Pega Engineer Tech Lead,US-New Jersey-Whippany,,https://barclays.taleo.net/careersection/jobdetail.ftl?job=90277698&lang=en_GB,2021-03-03T14:56:25
Barclays,274850,Operational Risk Fraud,"US-New Jersey-Whippany, US-New York-New York City",,https://barclays.taleo.net/careersection/jobdetail.ftl?job=00274850&lang=en_GB,2021-03-03T14:56:25
Barclays,90276086,New Deals & Forecasting AVP,US-Delaware-Wilmington,,https://barclays.taleo.net/careersection/jobdetail.ftl?job=90276086&lang=en_GB,2021-03-03T14:56:25
Barclays,90277792,Modelling Strategy Manager VP,"US-New York-745 Seventh Avenue, New York, NY",,https://barclays.taleo.net/careersection/jobdetail.ftl?job=90277792&lang=en_GB,2021-03-03T14:56:25
Barclays,90269395,Middle Office POG Java Developer,US-New Jersey-Whippany,,https://barclays.taleo.net/careersection/jobdetail.ftl?job=90269395&lang=en_GB,2021-03-03T14:56:25
Barclays,90273545,Meteor RAD Developer ,US-New Jersey-Whippany,,https://barclays.taleo.net/careersection/jobdetail.ftl?job=90273545&lang=en_GB,2021-03-03T14:56:25
Barclays,90277779,MBS Allocations Analyst ,US-New Jersey-Whippany,,https://barclays.taleo.net/careersection/jobdetail.ftl?job=90277779&lang=en_GB,2021-03-03T14:56:25
Barclays,90274083,MarTech Campaign Developer,US-Delaware-Wilmington,,https://barclays.taleo.net/careersection/jobdetail.ftl?job=90274083&lang=en_GB,2021-03-03T14:56:25
Barclays,90280213,MarTech Campaign Developer,US-Delaware-Wilmington,,https://barclays.taleo.net/careersection/jobdetail.ftl?job=90280213&lang=en_GB,2021-03-03T14:56:25
Barclays,90274686,"Market Risk Manager, Non-Agency Securitized Products- AVP ","US-New York-745 Seventh Avenue, New York, NY",,https://barclays.taleo.net/careersection/jobdetail.ftl?job=90274686&lang=en_GB,2021-03-03T14:56:25
Barclays,90275799,Market Risk Business Analyst ,US-New Jersey-Whippany,,https://barclays.taleo.net/careersection/jobdetail.ftl?job=90275799&lang=en_GB,2021-03-03T14:56:25
Barclays,90273186,Marketing - QA,US-Delaware-Wilmington,,https://barclays.taleo.net/careersection/jobdetail.ftl?job=90273186&lang=en_GB,2021-03-03T14:56:25
Barclays,90278816,Margin Reporting developer,US-New Jersey-Whippany,,https://barclays.taleo.net/careersection/jobdetail.ftl?job=90278816&lang=en_GB,2021-03-03T14:56:25
Barclays,90275698,Margin Analytics Developer,US-New Jersey-Whippany,,https://barclays.taleo.net/careersection/jobdetail.ftl?job=90275698&lang=en_GB,2021-03-03T14:56:25
Barclays,90278961,Loan Operations Manager,US-New Jersey-Whippany,,https://barclays.taleo.net/careersection/jobdetail.ftl?job=90278961&lang=en_GB,2021-03-03T14:56:25
Barclays,90280363,Lead Model Validation ML/ AI & Retail Models,"US-New York-745 Seventh Avenue, New York, NY",,https://barclays.taleo.net/careersection/jobdetail.ftl?job=90280363&lang=en_GB,2021-03-03T14:56:25
Barclays,90275914,"LatAm Fundamental Corporate Credit Research Analyst	","US-New York-745 Seventh Avenue, New York, NY",,https://barclays.taleo.net/careersection/jobdetail.ftl?job=90275914&lang=en_GB,2021-03-03T14:56:25
Barclays,90273811,L3 Collaboration Support Engineer,US-New Jersey-Whippany,,https://barclays.taleo.net/careersection/jobdetail.ftl?job=90273811&lang=en_GB,2021-03-03T14:56:25
Barclays,90271400,Java Team Lead - OMS,"US-New York-745 Seventh Avenue, New York, NY",,https://barclays.taleo.net/careersection/jobdetail.ftl?job=90271400&lang=en_GB,2021-03-03T14:56:25
Barclays,90275172,Java J2EE Developer,US-New Jersey-Whippany,,https://barclays.taleo.net/careersection/jobdetail.ftl?job=90275172&lang=en_GB,2021-03-03T14:56:25
Barclays,90263404,Java Full Stack Developer,US-New Jersey-Whippany,,https://barclays.taleo.net/careersection/jobdetail.ftl?job=90263404&lang=en_GB,2021-03-03T14:56:25
Barclays,90272575,Java eTrading Developer - VP,"US-New York-1301 Ave of the Americas, New York, NY",,https://barclays.taleo.net/careersection/jobdetail.ftl?job=90272575&lang=en_GB,2021-03-03T14:56:25
Barclays,90276096,Java Development Lead Ã¢â‚¬â€œ Automation and Harness,"US-New York-745 Seventh Avenue, New York, NY",,https://barclays.taleo.net/careersection/jobdetail.ftl?job=90276096&lang=en_GB,2021-03-03T14:56:25
Barclays,90275063,Java Development Lead,US-New Jersey-Whippany,,https://barclays.taleo.net/careersection/jobdetail.ftl?job=90275063&lang=en_GB,2021-03-03T14:56:25
Barclays,90265117,Java developer - Equities Algos,US-New Jersey-Whippany,,https://barclays.taleo.net/careersection/jobdetail.ftl?job=90265117&lang=en_GB,2021-03-03T14:56:25
Barclays,90271941,Java Developer - Credit Build,US-New Jersey-Whippany,,https://barclays.taleo.net/careersection/jobdetail.ftl?job=90271941&lang=en_GB,2021-03-03T14:56:25
Barclays,90263608,Java Developer CRB,"US-New York-745 Seventh Avenue, New York, NY",,https://barclays.taleo.net/careersection/jobdetail.ftl?job=90263608&lang=en_GB,2021-03-03T14:56:25
Barclays,90270660,Java Developer,US-New Jersey-Whippany,,https://barclays.taleo.net/careersection/jobdetail.ftl?job=90270660&lang=en_GB,2021-03-03T14:56:25
Barclays,274870,Java Developer,US-New Jersey-Whippany,,https://barclays.taleo.net/careersection/jobdetail.ftl?job=00274870&lang=en_GB,2021-03-03T14:56:25
Barclays,90277201,Java Developer,US-New Jersey-Whippany,,https://barclays.taleo.net/careersection/jobdetail.ftl?job=90277201&lang=en_GB,2021-03-03T14:56:25
Barclays,90275346,Java Developer,"US-New York-745 Seventh Avenue, New York, NY",,https://barclays.taleo.net/careersection/jobdetail.ftl?job=90275346&lang=en_GB,2021-03-03T14:56:25
Barclays,274906,Investment Banker Ã¢â‚¬â€œ Leveraged Finance,"US-New York-745 Seventh Avenue, New York, NY",,https://barclays.taleo.net/careersection/jobdetail.ftl?job=00274906&lang=en_GB,2021-03-03T14:56:25
Barclays,274905,Investment Banker Ã¢â‚¬â€œ Leveraged Finance,"US-New York-745 Seventh Avenue, New York, NY",,https://barclays.taleo.net/careersection/jobdetail.ftl?job=00274905&lang=en_GB,2021-03-03T14:56:25
Barclays,274907,Investment Banker Ã¢â‚¬â€œ Leveraged Finance,"US-New York-745 Seventh Avenue, New York, NY",,https://barclays.taleo.net/careersection/jobdetail.ftl?job=00274907&lang=en_GB,2021-03-03T14:56:25
Barclays,90280492,Internal Auditor - Consumer Bank Operations,US-Delaware-Wilmington,,https://barclays.taleo.net/careersection/jobdetail.ftl?job=90280492&lang=en_GB,2021-03-03T14:56:25
Barclays,90278565,Internal Audit Investment Banking and Research Analyst,"US-New York-745 Seventh Avenue, New York, NY",,https://barclays.taleo.net/careersection/jobdetail.ftl?job=90278565&lang=en_GB,2021-03-03T14:56:25
Barclays,90273738,HR Sourcing & Category Manager ,US-New Jersey-Whippany,,https://barclays.taleo.net/careersection/jobdetail.ftl?job=90273738&lang=en_GB,2021-03-03T14:56:25
Barclays,90277837,HR Optimisation Business Analyst,US-New Jersey-Whippany,,https://barclays.taleo.net/careersection/jobdetail.ftl?job=90277837&lang=en_GB,2021-03-03T14:56:25
Barclays,90273772,Head of Data Maintenance,US-New Jersey-Whippany,,https://barclays.taleo.net/careersection/jobdetail.ftl?job=90273772&lang=en_GB,2021-03-03T14:56:25
Barclays,90276258,Head of Customer Response,US-Nevada-Henderson,,https://barclays.taleo.net/careersection/jobdetail.ftl?job=90276258&lang=en_GB,2021-03-03T14:56:25
Barclays,274676,Governance & Control Manager ,US-Nevada-Henderson,,https://barclays.taleo.net/careersection/jobdetail.ftl?job=00274676&lang=en_GB,2021-03-03T14:56:25
Barclays,90280658,GCS Prime Services and PDS Negotiator,"US-New York-745 Seventh Avenue, New York, NY",,https://barclays.taleo.net/careersection/jobdetail.ftl?job=90280658&lang=en_GB,2021-03-03T14:56:25
Barclays,90275910,FX Middle Office Analyst,"US-New York-745 Seventh Avenue, New York, NY",,https://barclays.taleo.net/careersection/jobdetail.ftl?job=90275910&lang=en_GB,2021-03-03T14:56:25
Barclays,90278109,FX E-Trading Application Management,US-New Jersey-Whippany,,https://barclays.taleo.net/careersection/jobdetail.ftl?job=90278109&lang=en_GB,2021-03-03T14:56:25
Barclays,90279331,FX Corporate Sales Assistant (TCU),"US-New York-745 Seventh Avenue, New York, NY",,https://barclays.taleo.net/careersection/jobdetail.ftl?job=90279331&lang=en_GB,2021-03-03T14:56:25
Barclays,90274426,Funding Trader,"US-New York-745 Seventh Avenue, New York, NY",,https://barclays.taleo.net/careersection/jobdetail.ftl?job=90274426&lang=en_GB,2021-03-03T14:56:25
Barclays,90276893,Full Stack Senior Developer - VP,"US-New York-745 Seventh Avenue, New York, NY",,https://barclays.taleo.net/careersection/jobdetail.ftl?job=90276893&lang=en_GB,2021-03-03T14:56:25
Barclays,274783,Full Stack Developer ,US-New Jersey-Whippany,,https://barclays.taleo.net/careersection/jobdetail.ftl?job=00274783&lang=en_GB,2021-03-03T14:56:25
Barclays,90278821,Full Stack Developer,US-New Jersey-Whippany,,https://barclays.taleo.net/careersection/jobdetail.ftl?job=90278821&lang=en_GB,2021-03-03T14:56:25
Barclays,90276256,Fraud Manager,"US-New York-745 Seventh Avenue, New York, NY",,https://barclays.taleo.net/careersection/jobdetail.ftl?job=90276256&lang=en_GB,2021-03-03T14:56:25
Barclays,90278684,Financial Control Project Manager,US-New Jersey-Whippany,,https://barclays.taleo.net/careersection/jobdetail.ftl?job=90278684&lang=en_GB,2021-03-03T14:56:25
Barclays,90279476,Finance Business Partnering AVP Ã¢â‚¬â€œ Segments,US-Delaware-Wilmington,,https://barclays.taleo.net/careersection/jobdetail.ftl?job=90279476&lang=en_GB,2021-03-03T14:56:25
Barclays,90251172,Finance Accounting Policy VP,"US-New York-745 Seventh Avenue, New York, NY",,https://barclays.taleo.net/careersection/jobdetail.ftl?job=90251172&lang=en_GB,2021-03-03T14:56:25
Barclays,90276127,FIF Prime Strategy PM,US-New Jersey-Whippany,,https://barclays.taleo.net/careersection/jobdetail.ftl?job=90276127&lang=en_GB,2021-03-03T14:56:25
Barclays,90276170,FIF ET BA,US-New Jersey-Whippany,,https://barclays.taleo.net/careersection/jobdetail.ftl?job=90276170&lang=en_GB,2021-03-03T14:56:25
Barclays,90276223,FIF Data Solution UI Developer,US-New Jersey-Whippany,,https://barclays.taleo.net/careersection/jobdetail.ftl?job=90276223&lang=en_GB,2021-03-03T14:56:25
Barclays,90276169,FIF Credit Financing Dev,US-New Jersey-Whippany,,https://barclays.taleo.net/careersection/jobdetail.ftl?job=90276169&lang=en_GB,2021-03-03T14:56:25
Barclays,90276232,FIF Credit Financing BA,US-New Jersey-Whippany,,https://barclays.taleo.net/careersection/jobdetail.ftl?job=90276232&lang=en_GB,2021-03-03T14:56:25
Barclays,90276488,FIF - Business Management,"US-New York-745 Seventh Avenue, New York, NY",,https://barclays.taleo.net/careersection/jobdetail.ftl?job=90276488&lang=en_GB,2021-03-03T14:56:25
Barclays,90278146,"Execution Consulting Ã¢â‚¬â€œ HT, PT, CRB","US-New York-745 Seventh Avenue, New York, NY",,https://barclays.taleo.net/careersection/jobdetail.ftl?job=90278146&lang=en_GB,2021-03-03T14:56:25
Barclays,90279192,eTrading Onboarding Analyst,US-New Jersey-Whippany,,https://barclays.taleo.net/careersection/jobdetail.ftl?job=90279192&lang=en_GB,2021-03-03T14:56:25
Barclays,90278330,eTrading Market Risk Manager AVP,"US-New York-745 Seventh Avenue, New York, NY",,https://barclays.taleo.net/careersection/jobdetail.ftl?job=90278330&lang=en_GB,2021-03-03T14:56:25
Barclays,274828,ETL Architect,US-New Jersey-Whippany,,https://barclays.taleo.net/careersection/jobdetail.ftl?job=00274828&lang=en_GB,2021-03-03T14:56:25
Barclays,90279127,ESG Research Analyst,"US-New York-745 Seventh Avenue, New York, NY",,https://barclays.taleo.net/careersection/jobdetail.ftl?job=90279127&lang=en_GB,2021-03-03T14:56:25
Barclays,90275062,eRates Project Manager - AVP,"US-New York-745 Seventh Avenue, New York, NY",,https://barclays.taleo.net/careersection/jobdetail.ftl?job=90275062&lang=en_GB,2021-03-03T14:56:25
Barclays,90269377,eRates Business Analyst/Project Manager VP,"US-New York-745 Seventh Avenue, New York, NY",,https://barclays.taleo.net/careersection/jobdetail.ftl?job=90269377&lang=en_GB,2021-03-03T14:56:25
Barclays,90270851,Equity Research Analyst - Software,"US-New York-745 Seventh Avenue, New York, NY",,https://barclays.taleo.net/careersection/jobdetail.ftl?job=90270851&lang=en_GB,2021-03-03T14:56:25
Barclays,90274924,Equity Research Analyst - Semiconductors ,"US-New York-745 Seventh Avenue, New York, NY",,https://barclays.taleo.net/careersection/jobdetail.ftl?job=90274924&lang=en_GB,2021-03-03T14:56:25
Barclays,90272064,Equity Research Analyst - REIT,"US-New York-745 Seventh Avenue, New York, NY",,https://barclays.taleo.net/careersection/jobdetail.ftl?job=90272064&lang=en_GB,2021-03-03T14:56:25
Barclays,90280932,Equity Research Analyst - Multi-Industry Industrials ,"US-New York-745 Seventh Avenue, New York, NY",,https://barclays.taleo.net/careersection/jobdetail.ftl?job=90280932&lang=en_GB,2021-03-03T14:56:25
Barclays,90280935,Equity Research Analyst - MedTech,"US-New York-745 Seventh Avenue, New York, NY",,https://barclays.taleo.net/careersection/jobdetail.ftl?job=90280935&lang=en_GB,2021-03-03T14:56:25
Barclays,90270829,Equity Research Analyst - Internet,"US-New York-745 Seventh Avenue, New York, NY",,https://barclays.taleo.net/careersection/jobdetail.ftl?job=90270829&lang=en_GB,2021-03-03T14:56:25
Barclays,90275019,Equity Research Analyst - Healthcare Tools and Diagnostics,"US-New York-745 Seventh Avenue, New York, NY",,https://barclays.taleo.net/careersection/jobdetail.ftl?job=90275019&lang=en_GB,2021-03-03T14:56:25
Barclays,90274922,Equity Research Analyst - Healthcare Services,"US-New York-745 Seventh Avenue, New York, NY",,https://barclays.taleo.net/careersection/jobdetail.ftl?job=90274922&lang=en_GB,2021-03-03T14:56:25
Barclays,90278219,Equity Research Analyst - Aerospace and Defense,"US-New York-745 Seventh Avenue, New York, NY",,https://barclays.taleo.net/careersection/jobdetail.ftl?job=90278219&lang=en_GB,2021-03-03T14:56:25
Barclays,90276206,Equity Derivatives Senior Developer,US-New Jersey-Whippany,,https://barclays.taleo.net/careersection/jobdetail.ftl?job=90276206&lang=en_GB,2021-03-03T14:56:25
Barclays,90278203,Equity Derivatives Product Control AVP,US-New Jersey-Whippany,,https://barclays.taleo.net/careersection/jobdetail.ftl?job=90278203&lang=en_GB,2021-03-03T14:56:25
Barclays,90275879,Equities Electronic Product Manager,"US-New York-745 Seventh Avenue, New York, NY",,https://barclays.taleo.net/careersection/jobdetail.ftl?job=90275879&lang=en_GB,2021-03-03T14:56:25
Barclays,90279105,EMF Controls Development and Test Lead,US-New Jersey-Whippany,,https://barclays.taleo.net/careersection/jobdetail.ftl?job=90279105&lang=en_GB,2021-03-03T14:56:25
Barclays,90277666,Email Developer,US-Delaware-Wilmington,,https://barclays.taleo.net/careersection/jobdetail.ftl?job=90277666&lang=en_GB,2021-03-03T14:56:25
Barclays,90275883, Electronic Quant Market Structure Content,"US-New York-745 Seventh Avenue, New York, NY",,https://barclays.taleo.net/careersection/jobdetail.ftl?job=90275883&lang=en_GB,2021-03-03T14:56:25
Barclays,90275183,DSP Data Engineer ,"US-New York-745 Seventh Avenue, New York, NY",,https://barclays.taleo.net/careersection/jobdetail.ftl?job=90275183&lang=en_GB,2021-03-03T14:56:25
Barclays,90275205,DSP AWS WebApp Developer,"US-New York-745 Seventh Avenue, New York, NY",,https://barclays.taleo.net/careersection/jobdetail.ftl?job=90275205&lang=en_GB,2021-03-03T14:56:25
Barclays,90277831,"Director, Prime Risk Manager ","US-New York-745 Seventh Avenue, New York, NY",,https://barclays.taleo.net/careersection/jobdetail.ftl?job=90277831&lang=en_GB,2021-03-03T14:56:25
Barclays,90279136,"Director, ESG Research","US-New York-745 Seventh Avenue, New York, NY",,https://barclays.taleo.net/careersection/jobdetail.ftl?job=90279136&lang=en_GB,2021-03-03T14:56:25
Barclays,90275517,"Director, Electronic Trading Quant Researcher","US-New York-745 Seventh Avenue, New York, NY",,https://barclays.taleo.net/careersection/jobdetail.ftl?job=90275517&lang=en_GB,2021-03-03T14:56:25
Barclays,90274524,Digital Strategy - Digital Solutions,"US-New York-745 Seventh Avenue, New York, NY",,https://barclays.taleo.net/careersection/jobdetail.ftl?job=90274524&lang=en_GB,2021-03-03T14:56:25
Barclays,90275000,Digital Messaging Lead,US-Delaware-Wilmington,,https://barclays.taleo.net/careersection/jobdetail.ftl?job=90275000&lang=en_GB,2021-03-03T14:56:25
Barclays,90274981,Digital Messaging Group Lead,US-Delaware-Wilmington,,https://barclays.taleo.net/careersection/jobdetail.ftl?job=90274981&lang=en_GB,2021-03-03T14:56:25
Barclays,274797,Digital Marketing Lead,US-Delaware-Wilmington,,https://barclays.taleo.net/careersection/jobdetail.ftl?job=00274797&lang=en_GB,2021-03-03T14:56:25
Barclays,90276028,Digital Content Producer,US-Delaware-Wilmington,,https://barclays.taleo.net/careersection/jobdetail.ftl?job=90276028&lang=en_GB,2021-03-03T14:56:25
Barclays,90274090,Digital Acquisition Lead,US-Delaware-Wilmington,,https://barclays.taleo.net/careersection/jobdetail.ftl?job=90274090&lang=en_GB,2021-03-03T14:56:25
Barclays,90275566,DevOps Engineer,US-New Jersey-Whippany,,https://barclays.taleo.net/careersection/jobdetail.ftl?job=90275566&lang=en_GB,2021-03-03T14:56:25
Barclays,90270309,Developer (Grace Hopper),US-New Jersey-Whippany,,https://barclays.taleo.net/careersection/jobdetail.ftl?job=90270309&lang=en_GB,2021-03-03T14:56:25
Barclays,90276177,Developer,US-New Jersey-Whippany,,https://barclays.taleo.net/careersection/jobdetail.ftl?job=90276177&lang=en_GB,2021-03-03T14:56:25
Barclays,90272860,Developer,US-New Jersey-Whippany,,https://barclays.taleo.net/careersection/jobdetail.ftl?job=90272860&lang=en_GB,2021-03-03T14:56:25
Barclays,90277869,Developer,US-New Jersey-Whippany,,https://barclays.taleo.net/careersection/jobdetail.ftl?job=90277869&lang=en_GB,2021-03-03T14:56:25
Barclays,90275208,Developer,US-New Jersey-Whippany,,https://barclays.taleo.net/careersection/jobdetail.ftl?job=90275208&lang=en_GB,2021-03-03T14:56:25
Barclays,90277816,Desk Strategist- Structured Credit ,"US-New York-745 Seventh Avenue, New York, NY",,https://barclays.taleo.net/careersection/jobdetail.ftl?job=90277816&lang=en_GB,2021-03-03T14:56:25
Barclays,90272808,Deposits Assistant Vice President - Banking Operations,US-Delaware-Wilmington,,https://barclays.taleo.net/careersection/jobdetail.ftl?job=90272808&lang=en_GB,2021-03-03T14:56:25
Barclays,90273979,Delivery Manager,US-New Jersey-Whippany,,https://barclays.taleo.net/careersection/jobdetail.ftl?job=90273979&lang=en_GB,2021-03-03T14:56:25
Barclays,90276136,Data Solutions RAD Developer ,US-New Jersey-Whippany,,https://barclays.taleo.net/careersection/jobdetail.ftl?job=90276136&lang=en_GB,2021-03-03T14:56:25
Barclays,90274592,Data Scientist - Securitized Products,"US-New York-745 Seventh Avenue, New York, NY",,https://barclays.taleo.net/careersection/jobdetail.ftl?job=90274592&lang=en_GB,2021-03-03T14:56:25
Barclays,90275827,Data Governance Analyst,US-New Jersey-Whippany,,https://barclays.taleo.net/careersection/jobdetail.ftl?job=90275827&lang=en_GB,2021-03-03T14:56:25
Barclays,90274573,Data Engineer - Securitized Products,"US-New York-745 Seventh Avenue, New York, NY",,https://barclays.taleo.net/careersection/jobdetail.ftl?job=90274573&lang=en_GB,2021-03-03T14:56:25
Barclays,90275782,Data Analyst Lead,US-New Jersey-Whippany,,https://barclays.taleo.net/careersection/jobdetail.ftl?job=90275782&lang=en_GB,2021-03-03T14:56:25
Barclays,90273992,Cyber Security Regulatory Governance,US-New Jersey-Whippany,,https://barclays.taleo.net/careersection/jobdetail.ftl?job=90273992&lang=en_GB,2021-03-03T14:56:25
Barclays,274685,Customer Specialist - Care,US-Nevada-Henderson,,https://barclays.taleo.net/careersection/jobdetail.ftl?job=00274685&lang=en_GB,2021-03-03T14:56:25
Barclays,90277158,Customer Communications Manager,US-Delaware-Wilmington,,https://barclays.taleo.net/careersection/jobdetail.ftl?job=90277158&lang=en_GB,2021-03-03T14:56:25
Barclays,90272935,CTO Enterprise Architect,US-New Jersey-Whippany,,https://barclays.taleo.net/careersection/jobdetail.ftl?job=90272935&lang=en_GB,2021-03-03T14:56:25
Barclays,90270158,CTO Emerging Technologies Research Lead,US-New Jersey-Whippany,,https://barclays.taleo.net/careersection/jobdetail.ftl?job=90270158&lang=en_GB,2021-03-03T14:56:25
Barclays,90276776,Credit UI Lead - Trading System,US-New Jersey-Whippany,,https://barclays.taleo.net/careersection/jobdetail.ftl?job=90276776&lang=en_GB,2021-03-03T14:56:25
Barclays,90274308,Credit UI Developer - Trading System,US-New Jersey-Whippany,,https://barclays.taleo.net/careersection/jobdetail.ftl?job=90274308&lang=en_GB,2021-03-03T14:56:25
Barclays,90272387,Credit Strategy Lead,US-Delaware-Wilmington,,https://barclays.taleo.net/careersection/jobdetail.ftl?job=90272387&lang=en_GB,2021-03-03T14:56:25
Barclays,90274667,Credit Risk Manager- Emerging Markets ,"US-New York-745 Seventh Avenue, New York, NY",,https://barclays.taleo.net/careersection/jobdetail.ftl?job=90274667&lang=en_GB,2021-03-03T14:56:25
Barclays,90276065,Credit & Data Analytics Lead,US-Delaware-Wilmington,,https://barclays.taleo.net/careersection/jobdetail.ftl?job=90276065&lang=en_GB,2021-03-03T14:56:25
Barclays,90273709,Controls Governance BBPLC AVP,US-New Jersey-Whippany,,https://barclays.taleo.net/careersection/jobdetail.ftl?job=90273709&lang=en_GB,2021-03-03T14:56:25
Barclays,90280012,Controls Assurance Sox VP,US-New Jersey-Whippany,,https://barclays.taleo.net/careersection/jobdetail.ftl?job=90280012&lang=en_GB,2021-03-03T14:56:25
Barclays,90275885,Controls Assurance Sox BBDE AVP,US-New Jersey-Whippany,,https://barclays.taleo.net/careersection/jobdetail.ftl?job=90275885&lang=en_GB,2021-03-03T14:56:25
Barclays,90272911,Consumer Payments Strategic Lead,US-New Jersey-Whippany,,https://barclays.taleo.net/careersection/jobdetail.ftl?job=90272911&lang=en_GB,2021-03-03T14:56:25
Barclays,90276564,Compliance Technology Business Analyst,US-New Jersey-Whippany,,https://barclays.taleo.net/careersection/jobdetail.ftl?job=90276564&lang=en_GB,2021-03-03T14:56:25
Barclays,90276409,Collections Control Tester,US-Nevada-Henderson,,https://barclays.taleo.net/careersection/jobdetail.ftl?job=90276409&lang=en_GB,2021-03-03T14:56:25
Barclays,90277828,CMO Quantitative Analyst,"US-New York-745 Seventh Avenue, New York, NY",,https://barclays.taleo.net/careersection/jobdetail.ftl?job=90277828&lang=en_GB,2021-03-03T14:56:25
Barclays,90254721,CMA IT Senior Java FullStack Developer,US-New Jersey-Whippany,,https://barclays.taleo.net/careersection/jobdetail.ftl?job=90254721&lang=en_GB,2021-03-03T14:56:25
Barclays,90276892,Client Valuations Group Analyst,US-New Jersey-Whippany,,https://barclays.taleo.net/careersection/jobdetail.ftl?job=90276892&lang=en_GB,2021-03-03T14:56:25
Barclays,90279355,Client Regulatory Controls Analyst,US-New Jersey-Whippany,,https://barclays.taleo.net/careersection/jobdetail.ftl?job=90279355&lang=en_GB,2021-03-03T14:56:25
Barclays,90279449,CIBD KYC Onboarding Analyst,US-New Jersey-Whippany,,https://barclays.taleo.net/careersection/jobdetail.ftl?job=90279449&lang=en_GB,2021-03-03T14:56:25
Barclays,90269504,Channel Orchestration Mgr,US-Delaware-Wilmington,,https://barclays.taleo.net/careersection/jobdetail.ftl?job=90269504&lang=en_GB,2021-03-03T14:56:25
Barclays,90279425,Cash Sales Specialist ,"US-New York-745 Seventh Avenue, New York, NY",,https://barclays.taleo.net/careersection/jobdetail.ftl?job=90279425&lang=en_GB,2021-03-03T14:56:25
Barclays,90279606,Candidate Acquisition Manager,US-New Jersey-Whippany,,https://barclays.taleo.net/careersection/jobdetail.ftl?job=90279606&lang=en_GB,2021-03-03T14:56:25
Barclays,90273697,C++/Python Developer,US-New Jersey-Whippany,,https://barclays.taleo.net/careersection/jobdetail.ftl?job=90273697&lang=en_GB,2021-03-03T14:56:25
Barclays,90276326,Business Manager,"US-New York-745 Seventh Avenue, New York, NY",,https://barclays.taleo.net/careersection/jobdetail.ftl?job=90276326&lang=en_GB,2021-03-03T14:56:25
Barclays,90276675,Business Analyst Project Manager,US-New Jersey-Whippany,,https://barclays.taleo.net/careersection/jobdetail.ftl?job=90276675&lang=en_GB,2021-03-03T14:56:25
Barclays,90271341,Business Analyst/Project Manager - Equity IT,"US-New York-745 Seventh Avenue, New York, NY",,https://barclays.taleo.net/careersection/jobdetail.ftl?job=90271341&lang=en_GB,2021-03-03T14:56:25
Barclays,90276192,Business Analyst,US-New Jersey-Whippany,,https://barclays.taleo.net/careersection/jobdetail.ftl?job=90276192&lang=en_GB,2021-03-03T14:56:25
Barclays,90278601,Business Analyst,US-New Jersey-Whippany,,https://barclays.taleo.net/careersection/jobdetail.ftl?job=90278601&lang=en_GB,2021-03-03T14:56:25
Barclays,90275098,Bigdata Java Developer,US-New Jersey-Whippany,,https://barclays.taleo.net/careersection/jobdetail.ftl?job=90275098&lang=en_GB,2021-03-03T14:56:25
Barclays,90277309,BI Finance CCO - CBP,US-New Jersey-Whippany,,https://barclays.taleo.net/careersection/jobdetail.ftl?job=90277309&lang=en_GB,2021-03-03T14:56:25
Barclays,90272710,Banking Operations Ã¢â‚¬â€œ Reconciliations Vice President,US-Delaware-Wilmington,,https://barclays.taleo.net/careersection/jobdetail.ftl?job=90272710&lang=en_GB,2021-03-03T14:56:25
Barclays,90272923,AVP Solution Design,US-New Jersey-Whippany,,https://barclays.taleo.net/careersection/jobdetail.ftl?job=90272923&lang=en_GB,2021-03-03T14:56:25
Barclays,90276061,AVP of Data Science,US-Delaware-Wilmington,,https://barclays.taleo.net/careersection/jobdetail.ftl?job=90276061&lang=en_GB,2021-03-03T14:56:25
Barclays,90277846,AVP Modeling Analyst,"US-New York-745 Seventh Avenue, New York, NY",,https://barclays.taleo.net/careersection/jobdetail.ftl?job=90277846&lang=en_GB,2021-03-03T14:56:25
Barclays,90279723,AVP  Derivatives TCU,"US-New York-745 Seventh Avenue, New York, NY",,https://barclays.taleo.net/careersection/jobdetail.ftl?job=90279723&lang=en_GB,2021-03-03T14:56:25
Barclays,90273736,AVP-CCAR Regulatory Fixed Form Reporting,US-New Jersey-Whippany,,https://barclays.taleo.net/careersection/jobdetail.ftl?job=90273736&lang=en_GB,2021-03-03T14:56:25
Barclays,90276542,AVP Business Analyst,US-New Jersey-Whippany,,https://barclays.taleo.net/careersection/jobdetail.ftl?job=90276542&lang=en_GB,2021-03-03T14:56:25
Barclays,90277798,AVP - Agency Analytics Developer,"US-New York-745 Seventh Avenue, New York, NY",,https://barclays.taleo.net/careersection/jobdetail.ftl?job=90277798&lang=en_GB,2021-03-03T14:56:25
Barclays,274913,"AVP, Software Developer, RFT Tech, Group Treasury & Liquidity",US-New Jersey-Whippany,,https://barclays.taleo.net/careersection/jobdetail.ftl?job=00274913&lang=en_GB,2021-03-03T14:56:25
Barclays,274585,"AVP, Axiom Developer",US-New Jersey-Whippany,,https://barclays.taleo.net/careersection/jobdetail.ftl?job=00274585&lang=en_GB,2021-03-03T14:56:25
Barclays,274848,"AVP, Analytics Developer, Portfolio Change Delivery","US-New York-745 Seventh Avenue, New York, NY",,https://barclays.taleo.net/careersection/jobdetail.ftl?job=00274848&lang=en_GB,2021-03-03T14:56:25
Barclays,90275045,"Assistant Vice President, FICC Content Client Strategy","US-New York-745 Seventh Avenue, New York, NY",,https://barclays.taleo.net/careersection/jobdetail.ftl?job=90275045&lang=en_GB,2021-03-03T14:56:25
Barclays,90273152,Asset Finance Middle Office Analyst,US-New Jersey-Whippany,,https://barclays.taleo.net/careersection/jobdetail.ftl?job=90273152&lang=en_GB,2021-03-03T14:56:25
Barclays,90277919,Application Development,"US-New York-745 Seventh Avenue, New York, NY",,https://barclays.taleo.net/careersection/jobdetail.ftl?job=90277919&lang=en_GB,2021-03-03T14:56:25
Barclays,90267471,Application Development,"US-New York-745 Seventh Avenue, New York, NY",,https://barclays.taleo.net/careersection/jobdetail.ftl?job=90267471&lang=en_GB,2021-03-03T14:56:25
Barclays,90275152,Application Development,US-New Jersey-Whippany,,https://barclays.taleo.net/careersection/jobdetail.ftl?job=90275152&lang=en_GB,2021-03-03T14:56:25
Barclays,90273684,Application Developer- Securitized Products,US-New Jersey-Whippany,,https://barclays.taleo.net/careersection/jobdetail.ftl?job=90273684&lang=en_GB,2021-03-03T14:56:25
Barclays,90277522,Analyst FI Credit Product Control,"US-New York-745 Seventh Avenue, New York, NY",,https://barclays.taleo.net/careersection/jobdetail.ftl?job=90277522&lang=en_GB,2021-03-03T14:56:25
Barclays,90278573,"Analyst, Banking - Technology","US-New York-745 Seventh Avenue, New York, NY",,https://barclays.taleo.net/careersection/jobdetail.ftl?job=90278573&lang=en_GB,2021-03-03T14:56:25
Barclays,90268857,Agency RMBS TCU,"US-New York-745 Seventh Avenue, New York, NY",,https://barclays.taleo.net/careersection/jobdetail.ftl?job=90268857&lang=en_GB,2021-03-03T14:56:25
Barclays,90274229,Agency Loan Analyst,US-New Jersey-Whippany,,https://barclays.taleo.net/careersection/jobdetail.ftl?job=90274229&lang=en_GB,2021-03-03T14:56:25
Barclays,90275454,Active Directory Operations Engineer,US-New Jersey-Whippany,,https://barclays.taleo.net/careersection/jobdetail.ftl?job=90275454&lang=en_GB,2021-03-03T14:56:25
Barclays,274756,Active Directory Lead,US-New Jersey-Whippany,,https://barclays.taleo.net/careersection/jobdetail.ftl?job=00274756&lang=en_GB,2021-03-03T14:56:25
Barclays,90278268,Acquisitions Lead (TAP Portfolio),US-Delaware-Wilmington,,https://barclays.taleo.net/careersection/jobdetail.ftl?job=90278268&lang=en_GB,2021-03-03T14:56:25
Barclays,90271461,.Net Automation Developer,US-New Jersey-Whippany,,https://barclays.taleo.net/careersection/jobdetail.ftl?job=90271461&lang=en_GB,2021-03-03T14:56:25
